{"info":{"year":2020,"version":"1","description":"Exported using VGG Image Annotator (http://www.robots.ox.ac.uk/~vgg/software/via/)","contributor":"","url":"http://www.robots.ox.ac.uk/~vgg/software/via/","date_created":"Fri Jan 17 2020 15:33:06 GMT+0800 (中国标准时间)"},"images":[{"id":0,"width":1920,"height":1080,"file_name":"frame1.jpg","license":1,"date_captured":""},{"id":1,"width":1920,"height":1080,"file_name":"frame2.jpg","license":1,"date_captured":""},{"id":2,"width":1920,"height":1080,"file_name":"frame3.jpg","license":1,"date_captured":""},{"id":3,"width":1920,"height":1080,"file_name":"frame4.jpg","license":1,"date_captured":""},{"id":4,"width":1920,"height":1080,"file_name":"frame5.jpg","license":1,"date_captured":""},{"id":5,"width":1920,"height":1080,"file_name":"frame6.jpg","license":1,"date_captured":""},{"id":6,"width":1920,"height":1080,"file_name":"frame7.jpg","license":1,"date_captured":""},{"id":7,"width":1920,"height":1080,"file_name":"frame8.jpg","license":1,"date_captured":""},{"id":8,"width":1920,"height":1080,"file_name":"frame9.jpg","license":1,"date_captured":""},{"id":9,"width":1920,"height":1080,"file_name":"frame10.jpg","license":1,"date_captured":""},{"id":10,"width":1920,"height":1080,"file_name":"frame11.jpg","license":1,"date_captured":""},{"id":11,"width":1920,"height":1080,"file_name":"frame12.jpg","license":1,"date_captured":""},{"id":12,"width":1920,"height":1080,"file_name":"frame13.jpg","license":1,"date_captured":""},{"id":13,"width":1920,"height":1080,"file_name":"frame14.jpg","license":1,"date_captured":""},{"id":14,"width":1920,"height":1080,"file_name":"frame15.jpg","license":1,"date_captured":""},{"id":15,"width":1920,"height":1080,"file_name":"frame16.jpg","license":1,"date_captured":""},{"id":16,"width":1920,"height":1080,"file_name":"frame17.jpg","license":1,"date_captured":""},{"id":17,"width":1920,"height":1080,"file_name":"frame18.jpg","license":1,"date_captured":""},{"id":18,"width":1920,"height":1080,"file_name":"frame19.jpg","license":1,"date_captured":""},{"id":19,"width":1920,"height":1080,"file_name":"frame20.jpg","license":1,"date_captured":""},{"id":20,"width":1920,"height":1080,"file_name":"frame21.jpg","license":1,"date_captured":""},{"id":21,"width":1920,"height":1080,"file_name":"frame22.jpg","license":1,"date_captured":""},{"id":22,"width":1920,"height":1080,"file_name":"frame23.jpg","license":1,"date_captured":""},{"id":23,"width":1920,"height":1080,"file_name":"frame24.jpg","license":1,"date_captured":""},{"id":24,"width":1920,"height":1080,"file_name":"frame25.jpg","license":1,"date_captured":""},{"id":25,"width":1920,"height":1080,"file_name":"frame26.jpg","license":1,"date_captured":""},{"id":26,"width":1920,"height":1080,"file_name":"frame27.jpg","license":1,"date_captured":""},{"id":27,"width":1920,"height":1080,"file_name":"frame28.jpg","license":1,"date_captured":""},{"id":28,"width":1920,"height":1080,"file_name":"frame29.jpg","license":1,"date_captured":""},{"id":29,"width":1920,"height":1080,"file_name":"frame30.jpg","license":1,"date_captured":""},{"id":30,"width":1920,"height":1080,"file_name":"frame31.jpg","license":1,"date_captured":""},{"id":31,"width":1920,"height":1080,"file_name":"frame32.jpg","license":1,"date_captured":""},{"id":32,"width":1920,"height":1080,"file_name":"frame33.jpg","license":1,"date_captured":""},{"id":33,"width":1920,"height":1080,"file_name":"frame34.jpg","license":1,"date_captured":""},{"id":34,"width":1920,"height":1080,"file_name":"frame35.jpg","license":1,"date_captured":""},{"id":35,"width":1920,"height":1080,"file_name":"frame36.jpg","license":1,"date_captured":""},{"id":36,"width":1920,"height":1080,"file_name":"frame37.jpg","license":1,"date_captured":""},{"id":37,"width":1920,"height":1080,"file_name":"frame38.jpg","license":1,"date_captured":""},{"id":38,"width":1920,"height":1080,"file_name":"frame39.jpg","license":1,"date_captured":""},{"id":39,"width":1920,"height":1080,"file_name":"frame40.jpg","license":1,"date_captured":""},{"id":40,"width":1920,"height":1080,"file_name":"frame50.jpg","license":1,"date_captured":""},{"id":41,"width":1920,"height":1080,"file_name":"frame51.jpg","license":1,"date_captured":""},{"id":42,"width":1920,"height":1080,"file_name":"frame52.jpg","license":1,"date_captured":""},{"id":43,"width":1920,"height":1080,"file_name":"frame53.jpg","license":1,"date_captured":""},{"id":44,"width":1920,"height":1080,"file_name":"frame54.jpg","license":1,"date_captured":""},{"id":45,"width":1920,"height":1080,"file_name":"frame55.jpg","license":1,"date_captured":""},{"id":46,"width":1920,"height":1080,"file_name":"frame56.jpg","license":1,"date_captured":""},{"id":47,"width":1920,"height":1080,"file_name":"frame57.jpg","license":1,"date_captured":""},{"id":48,"width":1920,"height":1080,"file_name":"frame58.jpg","license":1,"date_captured":""},{"id":49,"width":1920,"height":1080,"file_name":"frame59.jpg","license":1,"date_captured":""},{"id":50,"width":1920,"height":1080,"file_name":"frame60.jpg","license":1,"date_captured":""}],"annotations":[{"id":0,"image_id":"0","category_id":1,"segmentation":[986.172,687,985.574,700.698,983.784,714.293,980.816,727.679,976.693,740.756,971.446,753.424,965.115,765.586,957.748,777.15,949.401,788.028,940.137,798.137,930.028,807.401,919.15,815.748,907.586,823.115,895.424,829.446,882.756,834.693,869.679,838.816,856.293,841.784,842.698,843.574,829,844.172,815.302,843.574,801.707,841.784,788.321,838.816,775.244,834.693,762.576,829.446,750.414,823.115,738.85,815.748,727.972,807.401,717.863,798.137,708.599,788.028,700.252,777.15,692.885,765.586,686.554,753.424,681.307,740.756,677.184,727.679,674.216,714.293,672.426,700.698,671.828,687,672.426,673.302,674.216,659.707,677.184,646.321,681.307,633.244,686.554,620.576,692.885,608.414,700.252,596.85,708.599,585.972,717.863,575.863,727.972,566.599,738.85,558.252,750.414,550.885,762.576,544.554,775.244,539.307,788.321,535.184,801.707,532.216,815.302,530.426,829,529.828,842.698,530.426,856.293,532.216,869.679,535.184,882.756,539.307,895.424,544.554,907.586,550.885,919.15,558.252,930.028,566.599,940.137,575.863,949.401,585.972,957.748,596.85,965.115,608.414,971.446,620.576,976.693,633.244,980.816,646.321,983.784,659.707,985.574,673.302],"area":98812.15033600004,"bbox":[671.828,529.828,314.34400000000005,314.34400000000005],"iscrowd":0},{"id":1,"image_id":"1","category_id":1,"segmentation":[977,689,976.429,702.073,974.721,715.047,971.889,727.823,967.954,740.303,962.946,752.393,956.904,764,949.873,775.036,941.907,785.418,933.066,795.066,923.418,803.907,913.036,811.873,902,818.904,890.393,824.946,878.303,829.954,865.823,833.889,853.047,836.721,840.073,838.429,827,839,813.927,838.429,800.953,836.721,788.177,833.889,775.697,829.954,763.607,824.946,752,818.904,740.964,811.873,730.582,803.907,720.934,795.066,712.093,785.418,704.127,775.036,697.096,764,691.054,752.393,686.046,740.303,682.111,727.823,679.279,715.047,677.571,702.073,677,689,677.571,675.927,679.279,662.953,682.111,650.177,686.046,637.697,691.054,625.607,697.096,614,704.127,602.964,712.093,592.582,720.934,582.934,730.582,574.093,740.964,566.127,752,559.096,763.607,553.054,775.697,548.046,788.177,544.111,800.953,541.279,813.927,539.571,827,539,840.073,539.571,853.047,541.279,865.823,544.111,878.303,548.046,890.393,553.054,902,559.096,913.036,566.127,923.418,574.093,933.066,582.934,941.907,592.582,949.873,602.964,956.904,614,962.946,625.607,967.954,637.697,971.889,650.177,974.721,662.953,976.429,675.927],"area":90000,"bbox":[677,539,300,300],"iscrowd":0},{"id":2,"image_id":"2","category_id":1,"segmentation":[984,691,983.41,704.509,981.645,717.915,978.719,731.117,974.652,744.013,969.478,756.506,963.234,768.5,955.969,779.904,947.737,790.632,938.602,800.602,928.632,809.737,917.904,817.969,906.5,825.234,894.506,831.478,882.013,836.652,869.117,840.719,855.915,843.645,842.509,845.41,829,846,815.491,845.41,802.085,843.645,788.883,840.719,775.987,836.652,763.494,831.478,751.5,825.234,740.096,817.969,729.368,809.737,719.398,800.602,710.263,790.632,702.031,779.904,694.766,768.5,688.522,756.506,683.348,744.013,679.281,731.117,676.355,717.915,674.59,704.509,674,691,674.59,677.491,676.355,664.085,679.281,650.883,683.348,637.987,688.522,625.494,694.766,613.5,702.031,602.096,710.263,591.368,719.398,581.398,729.368,572.263,740.096,564.031,751.5,556.766,763.494,550.522,775.987,545.348,788.883,541.281,802.085,538.355,815.491,536.59,829,536,842.509,536.59,855.915,538.355,869.117,541.281,882.013,545.348,894.506,550.522,906.5,556.766,917.904,564.031,928.632,572.263,938.602,581.398,947.737,591.368,955.969,602.096,963.234,613.5,969.478,625.494,974.652,637.987,978.719,650.883,981.645,664.085,983.41,677.491],"area":96100,"bbox":[674,536,310,310],"iscrowd":0},{"id":3,"image_id":"3","category_id":1,"segmentation":[976,696,975.425,709.161,973.706,722.221,970.855,735.082,966.894,747.645,961.852,759.815,955.77,771.5,948.692,782.61,940.673,793.061,931.773,802.773,922.061,811.673,911.61,819.692,900.5,826.77,888.815,832.852,876.645,837.894,864.082,841.855,851.221,844.706,838.161,846.425,825,847,811.839,846.425,798.779,844.706,785.918,841.855,773.355,837.894,761.185,832.852,749.5,826.77,738.39,819.692,727.939,811.673,718.227,802.773,709.327,793.061,701.308,782.61,694.23,771.5,688.148,759.815,683.106,747.645,679.145,735.082,676.294,722.221,674.575,709.161,674,696,674.575,682.839,676.294,669.779,679.145,656.918,683.106,644.355,688.148,632.185,694.23,620.5,701.308,609.39,709.327,598.939,718.227,589.227,727.939,580.327,738.39,572.308,749.5,565.23,761.185,559.148,773.355,554.106,785.918,550.145,798.779,547.294,811.839,545.575,825,545,838.161,545.575,851.221,547.294,864.082,550.145,876.645,554.106,888.815,559.148,900.5,565.23,911.61,572.308,922.061,580.327,931.773,589.227,940.673,598.939,948.692,609.39,955.77,620.5,961.852,632.185,966.894,644.355,970.855,656.918,973.706,669.779,975.425,682.839],"area":91204,"bbox":[674,545,302,302],"iscrowd":0},{"id":4,"image_id":"4","category_id":1,"segmentation":[974,701,973.422,714.248,971.691,727.395,968.821,740.34,964.833,752.987,959.759,765.238,953.636,777,946.511,788.184,938.439,798.704,929.48,808.48,919.704,817.439,909.184,825.511,898,832.636,886.238,838.759,873.987,843.833,861.34,847.821,848.395,850.691,835.248,852.422,822,853,808.752,852.422,795.605,850.691,782.66,847.821,770.013,843.833,757.762,838.759,746,832.636,734.816,825.511,724.296,817.439,714.52,808.48,705.561,798.704,697.489,788.184,690.364,777,684.241,765.238,679.167,752.987,675.179,740.34,672.309,727.395,670.578,714.248,670,701,670.578,687.752,672.309,674.605,675.179,661.66,679.167,649.013,684.241,636.762,690.364,625,697.489,613.816,705.561,603.296,714.52,593.52,724.296,584.561,734.816,576.489,746,569.364,757.762,563.241,770.013,558.167,782.66,554.179,795.605,551.309,808.752,549.578,822,549,835.248,549.578,848.395,551.309,861.34,554.179,873.987,558.167,886.238,563.241,898,569.364,909.184,576.489,919.704,584.561,929.48,593.52,938.439,603.296,946.511,613.816,953.636,625,959.759,636.762,964.833,649.013,968.821,661.66,971.691,674.605,973.422,687.752],"area":92416,"bbox":[670,549,304,304],"iscrowd":0},{"id":5,"image_id":"5","category_id":1,"segmentation":[982,702,981.391,715.945,979.569,729.784,976.548,743.411,972.351,756.723,967.009,769.619,960.564,782,953.064,793.772,944.567,804.846,935.137,815.137,924.846,824.567,913.772,833.064,902,840.564,889.619,847.009,876.723,852.351,863.411,856.548,849.784,859.569,835.945,861.391,822,862,808.055,861.391,794.216,859.569,780.589,856.548,767.277,852.351,754.381,847.009,742,840.564,730.228,833.064,719.154,824.567,708.863,815.137,699.433,804.846,690.936,793.772,683.436,782,676.991,769.619,671.649,756.723,667.452,743.411,664.431,729.784,662.609,715.945,662,702,662.609,688.055,664.431,674.216,667.452,660.589,671.649,647.277,676.991,634.381,683.436,622,690.936,610.228,699.433,599.154,708.863,588.863,719.154,579.433,730.228,570.936,742,563.436,754.381,556.991,767.277,551.649,780.589,547.452,794.216,544.431,808.055,542.609,822,542,835.945,542.609,849.784,544.431,863.411,547.452,876.723,551.649,889.619,556.991,902,563.436,913.772,570.936,924.846,579.433,935.137,588.863,944.567,599.154,953.064,610.228,960.564,622,967.009,634.381,972.351,647.277,976.548,660.589,979.569,674.216,981.391,688.055],"area":102400,"bbox":[662,542,320,320],"iscrowd":0},{"id":6,"image_id":"6","category_id":1,"segmentation":[975,706,974.403,719.683,972.615,733.263,969.65,746.635,965.532,759.697,960.29,772.351,953.966,784.5,946.607,796.052,938.269,806.918,929.016,817.016,918.918,826.269,908.052,834.607,896.5,841.966,884.351,848.29,871.697,853.532,858.635,857.65,845.263,860.615,831.683,862.403,818,863,804.317,862.403,790.737,860.615,777.365,857.65,764.303,853.532,751.649,848.29,739.5,841.966,727.948,834.607,717.082,826.269,706.984,817.016,697.731,806.918,689.393,796.052,682.034,784.5,675.71,772.351,670.468,759.697,666.35,746.635,663.385,733.263,661.597,719.683,661,706,661.597,692.317,663.385,678.737,666.35,665.365,670.468,652.303,675.71,639.649,682.034,627.5,689.393,615.948,697.731,605.082,706.984,594.984,717.082,585.731,727.948,577.393,739.5,570.034,751.649,563.71,764.303,558.468,777.365,554.35,790.737,551.385,804.317,549.597,818,549,831.683,549.597,845.263,551.385,858.635,554.35,871.697,558.468,884.351,563.71,896.5,570.034,908.052,577.393,918.918,585.731,929.016,594.984,938.269,605.082,946.607,615.948,953.966,627.5,960.29,639.649,965.532,652.303,969.65,665.365,972.615,678.737,974.403,692.317],"area":98596,"bbox":[661,549,314,314],"iscrowd":0},{"id":7,"image_id":"7","category_id":1,"segmentation":[974,710,973.403,723.683,971.615,737.263,968.65,750.635,964.532,763.697,959.29,776.351,952.966,788.5,945.607,800.052,937.269,810.918,928.016,821.016,917.918,830.269,907.052,838.607,895.5,845.966,883.351,852.29,870.697,857.532,857.635,861.65,844.263,864.615,830.683,866.403,817,867,803.317,866.403,789.737,864.615,776.365,861.65,763.303,857.532,750.649,852.29,738.5,845.966,726.948,838.607,716.082,830.269,705.984,821.016,696.731,810.918,688.393,800.052,681.034,788.5,674.71,776.351,669.468,763.697,665.35,750.635,662.385,737.263,660.597,723.683,660,710,660.597,696.317,662.385,682.737,665.35,669.365,669.468,656.303,674.71,643.649,681.034,631.5,688.393,619.948,696.731,609.082,705.984,598.984,716.082,589.731,726.948,581.393,738.5,574.034,750.649,567.71,763.303,562.468,776.365,558.35,789.737,555.385,803.317,553.597,817,553,830.683,553.597,844.263,555.385,857.635,558.35,870.697,562.468,883.351,567.71,895.5,574.034,907.052,581.393,917.918,589.731,928.016,598.984,937.269,609.082,945.607,619.948,952.966,631.5,959.29,643.649,964.532,656.303,968.65,669.365,971.615,682.737,973.403,696.317],"area":98596,"bbox":[660,553,314,314],"iscrowd":0},{"id":8,"image_id":"8","category_id":1,"segmentation":[973,715,972.403,728.683,970.615,742.263,967.65,755.635,963.532,768.697,958.29,781.351,951.966,793.5,944.607,805.052,936.269,815.918,927.016,826.016,916.918,835.269,906.052,843.607,894.5,850.966,882.351,857.29,869.697,862.532,856.635,866.65,843.263,869.615,829.683,871.403,816,872,802.317,871.403,788.737,869.615,775.365,866.65,762.303,862.532,749.649,857.29,737.5,850.966,725.948,843.607,715.082,835.269,704.984,826.016,695.731,815.918,687.393,805.052,680.034,793.5,673.71,781.351,668.468,768.697,664.35,755.635,661.385,742.263,659.597,728.683,659,715,659.597,701.317,661.385,687.737,664.35,674.365,668.468,661.303,673.71,648.649,680.034,636.5,687.393,624.948,695.731,614.082,704.984,603.984,715.082,594.731,725.948,586.393,737.5,579.034,749.649,572.71,762.303,567.468,775.365,563.35,788.737,560.385,802.317,558.597,816,558,829.683,558.597,843.263,560.385,856.635,563.35,869.697,567.468,882.351,572.71,894.5,579.034,906.052,586.393,916.918,594.731,927.016,603.984,936.269,614.082,944.607,624.948,951.966,636.5,958.29,648.649,963.532,661.303,967.65,674.365,970.615,687.737,972.403,701.317],"area":98596,"bbox":[659,558,314,314],"iscrowd":0},{"id":9,"image_id":"9","category_id":1,"segmentation":[968,710,967.403,723.683,965.615,737.263,962.65,750.635,958.532,763.697,953.29,776.351,946.966,788.5,939.607,800.052,931.269,810.918,922.016,821.016,911.918,830.269,901.052,838.607,889.5,845.966,877.351,852.29,864.697,857.532,851.635,861.65,838.263,864.615,824.683,866.403,811,867,797.317,866.403,783.737,864.615,770.365,861.65,757.303,857.532,744.649,852.29,732.5,845.966,720.948,838.607,710.082,830.269,699.984,821.016,690.731,810.918,682.393,800.052,675.034,788.5,668.71,776.351,663.468,763.697,659.35,750.635,656.385,737.263,654.597,723.683,654,710,654.597,696.317,656.385,682.737,659.35,669.365,663.468,656.303,668.71,643.649,675.034,631.5,682.393,619.948,690.731,609.082,699.984,598.984,710.082,589.731,720.948,581.393,732.5,574.034,744.649,567.71,757.303,562.468,770.365,558.35,783.737,555.385,797.317,553.597,811,553,824.683,553.597,838.263,555.385,851.635,558.35,864.697,562.468,877.351,567.71,889.5,574.034,901.052,581.393,911.918,589.731,922.016,598.984,931.269,609.082,939.607,619.948,946.966,631.5,953.29,643.649,958.532,656.303,962.65,669.365,965.615,682.737,967.403,696.317],"area":98596,"bbox":[654,553,314,314],"iscrowd":0},{"id":10,"image_id":"10","category_id":1,"segmentation":[971,710,970.403,723.683,968.615,737.263,965.65,750.635,961.532,763.697,956.29,776.351,949.966,788.5,942.607,800.052,934.269,810.918,925.016,821.016,914.918,830.269,904.052,838.607,892.5,845.966,880.351,852.29,867.697,857.532,854.635,861.65,841.263,864.615,827.683,866.403,814,867,800.317,866.403,786.737,864.615,773.365,861.65,760.303,857.532,747.649,852.29,735.5,845.966,723.948,838.607,713.082,830.269,702.984,821.016,693.731,810.918,685.393,800.052,678.034,788.5,671.71,776.351,666.468,763.697,662.35,750.635,659.385,737.263,657.597,723.683,657,710,657.597,696.317,659.385,682.737,662.35,669.365,666.468,656.303,671.71,643.649,678.034,631.5,685.393,619.948,693.731,609.082,702.984,598.984,713.082,589.731,723.948,581.393,735.5,574.034,747.649,567.71,760.303,562.468,773.365,558.35,786.737,555.385,800.317,553.597,814,553,827.683,553.597,841.263,555.385,854.635,558.35,867.697,562.468,880.351,567.71,892.5,574.034,904.052,581.393,914.918,589.731,925.016,598.984,934.269,609.082,942.607,619.948,949.966,631.5,956.29,643.649,961.532,656.303,965.65,669.365,968.615,682.737,970.403,696.317],"area":98596,"bbox":[657,553,314,314],"iscrowd":0},{"id":11,"image_id":"11","category_id":1,"segmentation":[969,712,968.41,725.509,966.645,738.915,963.719,752.117,959.652,765.013,954.478,777.506,948.234,789.5,940.969,800.904,932.737,811.632,923.602,821.602,913.632,830.737,902.904,838.969,891.5,846.234,879.506,852.478,867.013,857.652,854.117,861.719,840.915,864.645,827.509,866.41,814,867,800.491,866.41,787.085,864.645,773.883,861.719,760.987,857.652,748.494,852.478,736.5,846.234,725.096,838.969,714.368,830.737,704.398,821.602,695.263,811.632,687.031,800.904,679.766,789.5,673.522,777.506,668.348,765.013,664.281,752.117,661.355,738.915,659.59,725.509,659,712,659.59,698.491,661.355,685.085,664.281,671.883,668.348,658.987,673.522,646.494,679.766,634.5,687.031,623.096,695.263,612.368,704.398,602.398,714.368,593.263,725.096,585.031,736.5,577.766,748.494,571.522,760.987,566.348,773.883,562.281,787.085,559.355,800.491,557.59,814,557,827.509,557.59,840.915,559.355,854.117,562.281,867.013,566.348,879.506,571.522,891.5,577.766,902.904,585.031,913.632,593.263,923.602,602.398,932.737,612.368,940.969,623.096,948.234,634.5,954.478,646.494,959.652,658.987,963.719,671.883,966.645,685.085,968.41,698.491],"area":96100,"bbox":[659,557,310,310],"iscrowd":0},{"id":12,"image_id":"12","category_id":1,"segmentation":[960,712,959.41,725.509,957.645,738.915,954.719,752.117,950.652,765.013,945.478,777.506,939.234,789.5,931.969,800.904,923.737,811.632,914.602,821.602,904.632,830.737,893.904,838.969,882.5,846.234,870.506,852.478,858.013,857.652,845.117,861.719,831.915,864.645,818.509,866.41,805,867,791.491,866.41,778.085,864.645,764.883,861.719,751.987,857.652,739.494,852.478,727.5,846.234,716.096,838.969,705.368,830.737,695.398,821.602,686.263,811.632,678.031,800.904,670.766,789.5,664.522,777.506,659.348,765.013,655.281,752.117,652.355,738.915,650.59,725.509,650,712,650.59,698.491,652.355,685.085,655.281,671.883,659.348,658.987,664.522,646.494,670.766,634.5,678.031,623.096,686.263,612.368,695.398,602.398,705.368,593.263,716.096,585.031,727.5,577.766,739.494,571.522,751.987,566.348,764.883,562.281,778.085,559.355,791.491,557.59,805,557,818.509,557.59,831.915,559.355,845.117,562.281,858.013,566.348,870.506,571.522,882.5,577.766,893.904,585.031,904.632,593.263,914.602,602.398,923.737,612.368,931.969,623.096,939.234,634.5,945.478,646.494,950.652,658.987,954.719,671.883,957.645,685.085,959.41,698.491],"area":96100,"bbox":[650,557,310,310],"iscrowd":0},{"id":13,"image_id":"13","category_id":1,"segmentation":[959,713,958.403,726.683,956.615,740.263,953.65,753.635,949.532,766.697,944.29,779.351,937.966,791.5,930.607,803.052,922.269,813.918,913.016,824.016,902.918,833.269,892.052,841.607,880.5,848.966,868.351,855.29,855.697,860.532,842.635,864.65,829.263,867.615,815.683,869.403,802,870,788.317,869.403,774.737,867.615,761.365,864.65,748.303,860.532,735.649,855.29,723.5,848.966,711.948,841.607,701.082,833.269,690.984,824.016,681.731,813.918,673.393,803.052,666.034,791.5,659.71,779.351,654.468,766.697,650.35,753.635,647.385,740.263,645.597,726.683,645,713,645.597,699.317,647.385,685.737,650.35,672.365,654.468,659.303,659.71,646.649,666.034,634.5,673.393,622.948,681.731,612.082,690.984,601.984,701.082,592.731,711.948,584.393,723.5,577.034,735.649,570.71,748.303,565.468,761.365,561.35,774.737,558.385,788.317,556.597,802,556,815.683,556.597,829.263,558.385,842.635,561.35,855.697,565.468,868.351,570.71,880.5,577.034,892.052,584.393,902.918,592.731,913.016,601.984,922.269,612.082,930.607,622.948,937.966,634.5,944.29,646.649,949.532,659.303,953.65,672.365,956.615,685.737,958.403,699.317],"area":98596,"bbox":[645,556,314,314],"iscrowd":0},{"id":14,"image_id":"14","category_id":1,"segmentation":[959,712,958.399,725.771,956.6,739.436,953.616,752.893,949.471,766.039,944.197,778.774,937.832,791,930.426,802.625,922.035,813.56,912.723,823.723,902.56,833.035,891.625,841.426,880,848.832,867.774,855.197,855.039,860.471,841.893,864.616,828.436,867.6,814.771,869.399,801,870,787.229,869.399,773.564,867.6,760.107,864.616,746.961,860.471,734.226,855.197,722,848.832,710.375,841.426,699.44,833.035,689.277,823.723,679.965,813.56,671.574,802.625,664.168,791,657.803,778.774,652.529,766.039,648.384,752.893,645.4,739.436,643.601,725.771,643,712,643.601,698.229,645.4,684.564,648.384,671.107,652.529,657.961,657.803,645.226,664.168,633,671.574,621.375,679.965,610.44,689.277,600.277,699.44,590.965,710.375,582.574,722,575.168,734.226,568.803,746.961,563.529,760.107,559.384,773.564,556.4,787.229,554.601,801,554,814.771,554.601,828.436,556.4,841.893,559.384,855.039,563.529,867.774,568.803,880,575.168,891.625,582.574,902.56,590.965,912.723,600.277,922.035,610.44,930.426,621.375,937.832,633,944.197,645.226,949.471,657.961,953.616,671.107,956.6,684.564,958.399,698.229],"area":99856,"bbox":[643,554,316,316],"iscrowd":0},{"id":15,"image_id":"15","category_id":1,"segmentation":[957,712,956.391,725.945,954.569,739.784,951.548,753.411,947.351,766.723,942.009,779.619,935.564,792,928.064,803.772,919.567,814.846,910.137,825.137,899.846,834.567,888.772,843.064,877,850.564,864.619,857.009,851.723,862.351,838.411,866.548,824.784,869.569,810.945,871.391,797,872,783.055,871.391,769.216,869.569,755.589,866.548,742.277,862.351,729.381,857.009,717,850.564,705.228,843.064,694.154,834.567,683.863,825.137,674.433,814.846,665.936,803.772,658.436,792,651.991,779.619,646.649,766.723,642.452,753.411,639.431,739.784,637.609,725.945,637,712,637.609,698.055,639.431,684.216,642.452,670.589,646.649,657.277,651.991,644.381,658.436,632,665.936,620.228,674.433,609.154,683.863,598.863,694.154,589.433,705.228,580.936,717,573.436,729.381,566.991,742.277,561.649,755.589,557.452,769.216,554.431,783.055,552.609,797,552,810.945,552.609,824.784,554.431,838.411,557.452,851.723,561.649,864.619,566.991,877,573.436,888.772,580.936,899.846,589.433,910.137,598.863,919.567,609.154,928.064,620.228,935.564,632,942.009,644.381,947.351,657.277,951.548,670.589,954.569,684.216,956.391,698.055],"area":102400,"bbox":[637,552,320,320],"iscrowd":0},{"id":16,"image_id":"16","category_id":1,"segmentation":[953,704,952.391,717.945,950.569,731.784,947.548,745.411,943.351,758.723,938.009,771.619,931.564,784,924.064,795.772,915.567,806.846,906.137,817.137,895.846,826.567,884.772,835.064,873,842.564,860.619,849.009,847.723,854.351,834.411,858.548,820.784,861.569,806.945,863.391,793,864,779.055,863.391,765.216,861.569,751.589,858.548,738.277,854.351,725.381,849.009,713,842.564,701.228,835.064,690.154,826.567,679.863,817.137,670.433,806.846,661.936,795.772,654.436,784,647.991,771.619,642.649,758.723,638.452,745.411,635.431,731.784,633.609,717.945,633,704,633.609,690.055,635.431,676.216,638.452,662.589,642.649,649.277,647.991,636.381,654.436,624,661.936,612.228,670.433,601.154,679.863,590.863,690.154,581.433,701.228,572.936,713,565.436,725.381,558.991,738.277,553.649,751.589,549.452,765.216,546.431,779.055,544.609,793,544,806.945,544.609,820.784,546.431,834.411,549.452,847.723,553.649,860.619,558.991,873,565.436,884.772,572.936,895.846,581.433,906.137,590.863,915.567,601.154,924.064,612.228,931.564,624,938.009,636.381,943.351,649.277,947.548,662.589,950.569,676.216,952.391,690.055],"area":102400,"bbox":[633,544,320,320],"iscrowd":0},{"id":17,"image_id":"17","category_id":1,"segmentation":[956,696,955.403,709.683,953.615,723.263,950.65,736.635,946.532,749.697,941.29,762.351,934.966,774.5,927.607,786.052,919.269,796.918,910.016,807.016,899.918,816.269,889.052,824.607,877.5,831.966,865.351,838.29,852.697,843.532,839.635,847.65,826.263,850.615,812.683,852.403,799,853,785.317,852.403,771.737,850.615,758.365,847.65,745.303,843.532,732.649,838.29,720.5,831.966,708.948,824.607,698.082,816.269,687.984,807.016,678.731,796.918,670.393,786.052,663.034,774.5,656.71,762.351,651.468,749.697,647.35,736.635,644.385,723.263,642.597,709.683,642,696,642.597,682.317,644.385,668.737,647.35,655.365,651.468,642.303,656.71,629.649,663.034,617.5,670.393,605.948,678.731,595.082,687.984,584.984,698.082,575.731,708.948,567.393,720.5,560.034,732.649,553.71,745.303,548.468,758.365,544.35,771.737,541.385,785.317,539.597,799,539,812.683,539.597,826.263,541.385,839.635,544.35,852.697,548.468,865.351,553.71,877.5,560.034,889.052,567.393,899.918,575.731,910.016,584.984,919.269,595.082,927.607,605.948,934.966,617.5,941.29,629.649,946.532,642.303,950.65,655.365,953.615,668.737,955.403,682.317],"area":98596,"bbox":[642,539,314,314],"iscrowd":0},{"id":18,"image_id":"18","category_id":1,"segmentation":[959,688,958.395,701.858,956.584,715.61,953.582,729.152,949.411,742.381,944.103,755.196,937.698,767.5,930.245,779.199,921.801,790.203,912.43,800.43,902.203,809.801,891.199,818.245,879.5,825.698,867.196,832.103,854.381,837.411,841.152,841.582,827.61,844.584,813.858,846.395,800,847,786.142,846.395,772.39,844.584,758.848,841.582,745.619,837.411,732.804,832.103,720.5,825.698,708.801,818.245,697.797,809.801,687.57,800.43,678.199,790.203,669.755,779.199,662.302,767.5,655.897,755.196,650.589,742.381,646.418,729.152,643.416,715.61,641.605,701.858,641,688,641.605,674.142,643.416,660.39,646.418,646.848,650.589,633.619,655.897,620.804,662.302,608.5,669.755,596.801,678.199,585.797,687.57,575.57,697.797,566.199,708.801,557.755,720.5,550.302,732.804,543.897,745.619,538.589,758.848,534.418,772.39,531.416,786.142,529.605,800,529,813.858,529.605,827.61,531.416,841.152,534.418,854.381,538.589,867.196,543.897,879.5,550.302,891.199,557.755,902.203,566.199,912.43,575.57,921.801,585.797,930.245,596.801,937.698,608.5,944.103,620.804,949.411,633.619,953.582,646.848,956.584,660.39,958.395,674.142],"area":101124,"bbox":[641,529,318,318],"iscrowd":0},{"id":19,"image_id":"19","category_id":1,"segmentation":[957,684,956.399,697.771,954.6,711.436,951.616,724.893,947.471,738.039,942.197,750.774,935.832,763,928.426,774.625,920.035,785.56,910.723,795.723,900.56,805.035,889.625,813.426,878,820.832,865.774,827.197,853.039,832.471,839.893,836.616,826.436,839.6,812.771,841.399,799,842,785.229,841.399,771.564,839.6,758.107,836.616,744.961,832.471,732.226,827.197,720,820.832,708.375,813.426,697.44,805.035,687.277,795.723,677.965,785.56,669.574,774.625,662.168,763,655.803,750.774,650.529,738.039,646.384,724.893,643.4,711.436,641.601,697.771,641,684,641.601,670.229,643.4,656.564,646.384,643.107,650.529,629.961,655.803,617.226,662.168,605,669.574,593.375,677.965,582.44,687.277,572.277,697.44,562.965,708.375,554.574,720,547.168,732.226,540.803,744.961,535.529,758.107,531.384,771.564,528.4,785.229,526.601,799,526,812.771,526.601,826.436,528.4,839.893,531.384,853.039,535.529,865.774,540.803,878,547.168,889.625,554.574,900.56,562.965,910.723,572.277,920.035,582.44,928.426,593.375,935.832,605,942.197,617.226,947.471,629.961,951.616,643.107,954.6,656.564,956.399,670.229],"area":99856,"bbox":[641,526,316,316],"iscrowd":0},{"id":20,"image_id":"20","category_id":1,"segmentation":[963,679,962.38,693.206,960.524,707.305,957.446,721.188,953.17,734.749,947.728,747.887,941.162,760.5,933.522,772.493,924.865,783.774,915.258,794.258,904.774,803.865,893.493,812.522,881.5,820.162,868.887,826.728,855.749,832.17,842.188,836.446,828.305,839.524,814.206,841.38,800,842,785.794,841.38,771.695,839.524,757.812,836.446,744.251,832.17,731.113,826.728,718.5,820.162,706.507,812.522,695.226,803.865,684.742,794.258,675.135,783.774,666.478,772.493,658.838,760.5,652.272,747.887,646.83,734.749,642.554,721.188,639.476,707.305,637.62,693.206,637,679,637.62,664.794,639.476,650.695,642.554,636.812,646.83,623.251,652.272,610.113,658.838,597.5,666.478,585.507,675.135,574.226,684.742,563.742,695.226,554.135,706.507,545.478,718.5,537.838,731.113,531.272,744.251,525.83,757.812,521.554,771.695,518.476,785.794,516.62,800,516,814.206,516.62,828.305,518.476,842.188,521.554,855.749,525.83,868.887,531.272,881.5,537.838,893.493,545.478,904.774,554.135,915.258,563.742,924.865,574.226,933.522,585.507,941.162,597.5,947.728,610.113,953.17,623.251,957.446,636.812,960.524,650.695,962.38,664.794],"area":106276,"bbox":[637,516,326,326],"iscrowd":0},{"id":21,"image_id":"21","category_id":1,"segmentation":[963,669,962.384,683.119,960.539,697.131,957.48,710.929,953.23,724.407,947.822,737.464,941.296,750,933.703,761.919,925.099,773.132,915.551,783.551,905.132,793.099,893.919,801.703,882,809.296,869.464,815.822,856.407,821.23,842.929,825.48,829.131,828.539,815.119,830.384,801,831,786.881,830.384,772.869,828.539,759.071,825.48,745.593,821.23,732.536,815.822,720,809.296,708.081,801.703,696.868,793.099,686.449,783.551,676.901,773.132,668.297,761.919,660.704,750,654.178,737.464,648.77,724.407,644.52,710.929,641.461,697.131,639.616,683.119,639,669,639.616,654.881,641.461,640.869,644.52,627.071,648.77,613.593,654.178,600.536,660.704,588,668.297,576.081,676.901,564.868,686.449,554.449,696.868,544.901,708.081,536.297,720,528.704,732.536,522.178,745.593,516.77,759.071,512.52,772.869,509.461,786.881,507.616,801,507,815.119,507.616,829.131,509.461,842.929,512.52,856.407,516.77,869.464,522.178,882,528.704,893.919,536.297,905.132,544.901,915.551,554.449,925.099,564.868,933.703,576.081,941.296,588,947.822,600.536,953.23,613.593,957.48,627.071,960.539,640.869,962.384,654.881],"area":104976,"bbox":[639,507,324,324],"iscrowd":0},{"id":22,"image_id":"22","category_id":1,"segmentation":[963,661,962.387,675.032,960.554,688.957,957.514,702.67,953.291,716.065,947.916,729.042,941.43,741.5,933.883,753.346,925.333,764.489,915.844,774.844,905.489,784.333,894.346,792.883,882.5,800.43,870.042,806.916,857.065,812.291,843.67,816.514,829.957,819.554,816.032,821.387,802,822,787.968,821.387,774.043,819.554,760.33,816.514,746.935,812.291,733.958,806.916,721.5,800.43,709.654,792.883,698.511,784.333,688.156,774.844,678.667,764.489,670.117,753.346,662.57,741.5,656.084,729.042,650.709,716.065,646.486,702.67,643.446,688.957,641.613,675.032,641,661,641.613,646.968,643.446,633.043,646.486,619.33,650.709,605.935,656.084,592.958,662.57,580.5,670.117,568.654,678.667,557.511,688.156,547.156,698.511,537.667,709.654,529.117,721.5,521.57,733.958,515.084,746.935,509.709,760.33,505.486,774.043,502.446,787.968,500.613,802,500,816.032,500.613,829.957,502.446,843.67,505.486,857.065,509.709,870.042,515.084,882.5,521.57,894.346,529.117,905.489,537.667,915.844,547.156,925.333,557.511,933.883,568.654,941.43,580.5,947.916,592.958,953.291,605.935,957.514,619.33,960.554,633.043,962.387,646.968],"area":103684,"bbox":[641,500,322,322],"iscrowd":0},{"id":23,"image_id":"23","category_id":1,"segmentation":[961,656,960.384,670.119,958.539,684.131,955.48,697.929,951.23,711.407,945.822,724.464,939.296,737,931.703,748.919,923.099,760.132,913.551,770.551,903.132,780.099,891.919,788.703,880,796.296,867.464,802.822,854.407,808.23,840.929,812.48,827.131,815.539,813.119,817.384,799,818,784.881,817.384,770.869,815.539,757.071,812.48,743.593,808.23,730.536,802.822,718,796.296,706.081,788.703,694.868,780.099,684.449,770.551,674.901,760.132,666.297,748.919,658.704,737,652.178,724.464,646.77,711.407,642.52,697.929,639.461,684.131,637.616,670.119,637,656,637.616,641.881,639.461,627.869,642.52,614.071,646.77,600.593,652.178,587.536,658.704,575,666.297,563.081,674.901,551.868,684.449,541.449,694.868,531.901,706.081,523.297,718,515.704,730.536,509.178,743.593,503.77,757.071,499.52,770.869,496.461,784.881,494.616,799,494,813.119,494.616,827.131,496.461,840.929,499.52,854.407,503.77,867.464,509.178,880,515.704,891.919,523.297,903.132,531.901,913.551,541.449,923.099,551.868,931.703,563.081,939.296,575,945.822,587.536,951.23,600.593,955.48,614.071,958.539,627.869,960.384,641.881],"area":104976,"bbox":[637,494,324,324],"iscrowd":0},{"id":24,"image_id":"24","category_id":1,"segmentation":[967,652,966.38,666.206,964.524,680.305,961.446,694.188,957.17,707.749,951.728,720.887,945.162,733.5,937.522,745.493,928.865,756.774,919.258,767.258,908.774,776.865,897.493,785.522,885.5,793.162,872.887,799.728,859.749,805.17,846.188,809.446,832.305,812.524,818.206,814.38,804,815,789.794,814.38,775.695,812.524,761.812,809.446,748.251,805.17,735.113,799.728,722.5,793.162,710.507,785.522,699.226,776.865,688.742,767.258,679.135,756.774,670.478,745.493,662.838,733.5,656.272,720.887,650.83,707.749,646.554,694.188,643.476,680.305,641.62,666.206,641,652,641.62,637.794,643.476,623.695,646.554,609.812,650.83,596.251,656.272,583.113,662.838,570.5,670.478,558.507,679.135,547.226,688.742,536.742,699.226,527.135,710.507,518.478,722.5,510.838,735.113,504.272,748.251,498.83,761.812,494.554,775.695,491.476,789.794,489.62,804,489,818.206,489.62,832.305,491.476,846.188,494.554,859.749,498.83,872.887,504.272,885.5,510.838,897.493,518.478,908.774,527.135,919.258,536.742,928.865,547.226,937.522,558.507,945.162,570.5,951.728,583.113,957.17,596.251,961.446,609.812,964.524,623.695,966.38,637.794],"area":106276,"bbox":[641,489,326,326],"iscrowd":0},{"id":25,"image_id":"25","category_id":1,"segmentation":[970,643,969.384,657.119,967.539,671.131,964.48,684.929,960.23,698.407,954.822,711.464,948.296,724,940.703,735.919,932.099,747.132,922.551,757.551,912.132,767.099,900.919,775.703,889,783.296,876.464,789.822,863.407,795.23,849.929,799.48,836.131,802.539,822.119,804.384,808,805,793.881,804.384,779.869,802.539,766.071,799.48,752.593,795.23,739.536,789.822,727,783.296,715.081,775.703,703.868,767.099,693.449,757.551,683.901,747.132,675.297,735.919,667.704,724,661.178,711.464,655.77,698.407,651.52,684.929,648.461,671.131,646.616,657.119,646,643,646.616,628.881,648.461,614.869,651.52,601.071,655.77,587.593,661.178,574.536,667.704,562,675.297,550.081,683.901,538.868,693.449,528.449,703.868,518.901,715.081,510.297,727,502.704,739.536,496.178,752.593,490.77,766.071,486.52,779.869,483.461,793.881,481.616,808,481,822.119,481.616,836.131,483.461,849.929,486.52,863.407,490.77,876.464,496.178,889,502.704,900.919,510.297,912.132,518.901,922.551,528.449,932.099,538.868,940.703,550.081,948.296,562,954.822,574.536,960.23,587.593,964.48,601.071,967.539,614.869,969.384,628.881],"area":104976,"bbox":[646,481,324,324],"iscrowd":0},{"id":26,"image_id":"26","category_id":1,"segmentation":[983,635,982.353,649.816,980.417,664.52,977.207,678.999,972.748,693.143,967.072,706.845,960.224,720,952.256,732.508,943.228,744.274,933.208,755.208,922.274,765.228,910.508,774.256,898,782.224,884.845,789.072,871.143,794.748,856.999,799.207,842.52,802.417,827.816,804.353,813,805,798.184,804.353,783.48,802.417,769.001,799.207,754.857,794.748,741.155,789.072,728,782.224,715.492,774.256,703.726,765.228,692.792,755.208,682.772,744.274,673.744,732.508,665.776,720,658.928,706.845,653.252,693.143,648.793,678.999,645.583,664.52,643.647,649.816,643,635,643.647,620.184,645.583,605.48,648.793,591.001,653.252,576.857,658.928,563.155,665.776,550,673.744,537.492,682.772,525.726,692.792,514.792,703.726,504.772,715.492,495.744,728,487.776,741.155,480.928,754.857,475.252,769.001,470.793,783.48,467.583,798.184,465.647,813,465,827.816,465.647,842.52,467.583,856.999,470.793,871.143,475.252,884.845,480.928,898,487.776,910.508,495.744,922.274,504.772,933.208,514.792,943.228,525.726,952.256,537.492,960.224,550,967.072,563.155,972.748,576.857,977.207,591.001,980.417,605.48,982.353,620.184],"area":115600,"bbox":[643,465,340,340],"iscrowd":0},{"id":27,"image_id":"27","category_id":1,"segmentation":[989,621,988.368,635.468,986.478,649.826,983.344,663.964,978.989,677.775,973.447,691.155,966.76,704,958.979,716.214,950.163,727.703,940.38,738.38,929.703,748.163,918.214,756.979,906,764.76,893.155,771.447,879.775,776.989,865.964,781.344,851.826,784.478,837.468,786.368,823,787,808.532,786.368,794.174,784.478,780.036,781.344,766.225,776.989,752.845,771.447,740,764.76,727.786,756.979,716.297,748.163,705.62,738.38,695.837,727.703,687.021,716.214,679.24,704,672.553,691.155,667.011,677.775,662.656,663.964,659.522,649.826,657.632,635.468,657,621,657.632,606.532,659.522,592.174,662.656,578.036,667.011,564.225,672.553,550.845,679.24,538,687.021,525.786,695.837,514.297,705.62,503.62,716.297,493.837,727.786,485.021,740,477.24,752.845,470.553,766.225,465.011,780.036,460.656,794.174,457.522,808.532,455.632,823,455,837.468,455.632,851.826,457.522,865.964,460.656,879.775,465.011,893.155,470.553,906,477.24,918.214,485.021,929.703,493.837,940.38,503.62,950.163,514.297,958.979,525.786,966.76,538,973.447,550.845,978.989,564.225,983.344,578.036,986.478,592.174,988.368,606.532],"area":110224,"bbox":[657,455,332,332],"iscrowd":0},{"id":28,"image_id":"28","category_id":1,"segmentation":[996,609,995.368,623.468,993.478,637.826,990.344,651.964,985.989,665.775,980.447,679.155,973.76,692,965.979,704.214,957.163,715.703,947.38,726.38,936.703,736.163,925.214,744.979,913,752.76,900.155,759.447,886.775,764.989,872.964,769.344,858.826,772.478,844.468,774.368,830,775,815.532,774.368,801.174,772.478,787.036,769.344,773.225,764.989,759.845,759.447,747,752.76,734.786,744.979,723.297,736.163,712.62,726.38,702.837,715.703,694.021,704.214,686.24,692,679.553,679.155,674.011,665.775,669.656,651.964,666.522,637.826,664.632,623.468,664,609,664.632,594.532,666.522,580.174,669.656,566.036,674.011,552.225,679.553,538.845,686.24,526,694.021,513.786,702.837,502.297,712.62,491.62,723.297,481.837,734.786,473.021,747,465.24,759.845,458.553,773.225,453.011,787.036,448.656,801.174,445.522,815.532,443.632,830,443,844.468,443.632,858.826,445.522,872.964,448.656,886.775,453.011,900.155,458.553,913,465.24,925.214,473.021,936.703,481.837,947.38,491.62,957.163,502.297,965.979,513.786,973.76,526,980.447,538.845,985.989,552.225,990.344,566.036,993.478,580.174,995.368,594.532],"area":110224,"bbox":[664,443,332,332],"iscrowd":0},{"id":29,"image_id":"29","category_id":1,"segmentation":[1001,600,1000.376,614.294,998.508,628.478,995.412,642.446,991.11,656.091,985.634,669.309,979.028,682,971.341,694.067,962.631,705.417,952.966,715.966,942.417,725.631,931.067,734.341,919,742.028,906.309,748.634,893.091,754.11,879.446,758.412,865.478,761.508,851.294,763.376,837,764,822.706,763.376,808.522,761.508,794.554,758.412,780.909,754.11,767.691,748.634,755,742.028,742.933,734.341,731.583,725.631,721.034,715.966,711.369,705.417,702.659,694.067,694.972,682,688.366,669.309,682.89,656.091,678.588,642.446,675.492,628.478,673.624,614.294,673,600,673.624,585.706,675.492,571.522,678.588,557.554,682.89,543.909,688.366,530.691,694.972,518,702.659,505.933,711.369,494.583,721.034,484.034,731.583,474.369,742.933,465.659,755,457.972,767.691,451.366,780.909,445.89,794.554,441.588,808.522,438.492,822.706,436.624,837,436,851.294,436.624,865.478,438.492,879.446,441.588,893.091,445.89,906.309,451.366,919,457.972,931.067,465.659,942.417,474.369,952.966,484.034,962.631,494.583,971.341,505.933,979.028,518,985.634,530.691,991.11,543.909,995.412,557.554,998.508,571.522,1000.376,585.706],"area":107584,"bbox":[673,436,328,328],"iscrowd":0},{"id":30,"image_id":"30","category_id":1,"segmentation":[1010,590,1009.349,604.904,1007.402,619.694,1004.173,634.258,999.687,648.485,993.979,662.268,987.09,675.5,979.075,688.082,969.994,699.917,959.915,710.915,948.917,720.994,937.082,730.075,924.5,738.09,911.268,744.979,897.485,750.687,883.258,755.173,868.694,758.402,853.904,760.349,839,761,824.096,760.349,809.306,758.402,794.742,755.173,780.515,750.687,766.732,744.979,753.5,738.09,740.918,730.075,729.083,720.994,718.085,710.915,708.006,699.917,698.925,688.082,690.91,675.5,684.021,662.268,678.313,648.485,673.827,634.258,670.598,619.694,668.651,604.904,668,590,668.651,575.096,670.598,560.306,673.827,545.742,678.313,531.515,684.021,517.732,690.91,504.5,698.925,491.918,708.006,480.083,718.085,469.085,729.083,459.006,740.918,449.925,753.5,441.91,766.732,435.021,780.515,429.313,794.742,424.827,809.306,421.598,824.096,419.651,839,419,853.904,419.651,868.694,421.598,883.258,424.827,897.485,429.313,911.268,435.021,924.5,441.91,937.082,449.925,948.917,459.006,959.915,469.085,969.994,480.083,979.075,491.918,987.09,504.5,993.979,517.732,999.687,531.515,1004.173,545.742,1007.402,560.306,1009.349,575.096],"area":116964,"bbox":[668,419,342,342],"iscrowd":0},{"id":31,"image_id":"31","category_id":1,"segmentation":[1023,574,1022.342,589.078,1020.372,604.041,1017.105,618.776,1012.567,633.169,1006.791,647.113,999.822,660.5,991.713,673.229,982.526,685.202,972.329,696.329,961.202,706.526,949.229,715.713,936.5,723.822,923.113,730.791,909.169,736.567,894.776,741.105,880.041,744.372,865.078,746.342,850,747,834.922,746.342,819.959,744.372,805.224,741.105,790.831,736.567,776.887,730.791,763.5,723.822,750.771,715.713,738.798,706.526,727.671,696.329,717.474,685.202,708.287,673.229,700.178,660.5,693.209,647.113,687.433,633.169,682.895,618.776,679.628,604.041,677.658,589.078,677,574,677.658,558.922,679.628,543.959,682.895,529.224,687.433,514.831,693.209,500.887,700.178,487.5,708.287,474.771,717.474,462.798,727.671,451.671,738.798,441.474,750.771,432.287,763.5,424.178,776.887,417.209,790.831,411.433,805.224,406.895,819.959,403.628,834.922,401.658,850,401,865.078,401.658,880.041,403.628,894.776,406.895,909.169,411.433,923.113,417.209,936.5,424.178,949.229,432.287,961.202,441.474,972.329,451.671,982.526,462.798,991.713,474.771,999.822,487.5,1006.791,500.887,1012.567,514.831,1017.105,529.224,1020.372,543.959,1022.342,558.922],"area":119716,"bbox":[677,401,346,346],"iscrowd":0},{"id":32,"image_id":"32","category_id":1,"segmentation":[1026,559,1025.365,573.555,1023.463,587.999,1020.31,602.223,1015.929,616.117,1010.353,629.577,1003.626,642.5,995.798,654.787,986.929,666.346,977.087,677.087,966.346,686.929,954.787,695.798,942.5,703.626,929.577,710.353,916.117,715.929,902.223,720.31,887.999,723.463,873.555,725.365,859,726,844.445,725.365,830.001,723.463,815.777,720.31,801.883,715.929,788.423,710.353,775.5,703.626,763.213,695.798,751.654,686.929,740.913,677.087,731.071,666.346,722.202,654.787,714.374,642.5,707.647,629.577,702.071,616.117,697.69,602.223,694.537,587.999,692.635,573.555,692,559,692.635,544.445,694.537,530.001,697.69,515.777,702.071,501.883,707.647,488.423,714.374,475.5,722.202,463.213,731.071,451.654,740.913,440.913,751.654,431.071,763.213,422.202,775.5,414.374,788.423,407.647,801.883,402.071,815.777,397.69,830.001,394.537,844.445,392.635,859,392,873.555,392.635,887.999,394.537,902.223,397.69,916.117,402.071,929.577,407.647,942.5,414.374,954.787,422.202,966.346,431.071,977.087,440.913,986.929,451.654,995.798,463.213,1003.626,475.5,1010.353,488.423,1015.929,501.883,1020.31,515.777,1023.463,530.001,1025.365,544.445],"area":111556,"bbox":[692,392,334,334],"iscrowd":0},{"id":33,"image_id":"33","category_id":1,"segmentation":[1042,541,1041.338,556.165,1039.357,571.215,1036.071,586.035,1031.507,600.512,1025.698,614.536,1018.688,628,1010.532,640.802,1001.292,652.845,991.037,664.037,979.845,674.292,967.802,683.532,955,691.688,941.536,698.698,927.512,704.507,913.035,709.071,898.215,712.357,883.165,714.338,868,715,852.835,714.338,837.785,712.357,822.965,709.071,808.488,704.507,794.464,698.698,781,691.688,768.198,683.532,756.155,674.292,744.963,664.037,734.708,652.845,725.468,640.802,717.312,628,710.302,614.536,704.493,600.512,699.929,586.035,696.643,571.215,694.662,556.165,694,541,694.662,525.835,696.643,510.785,699.929,495.965,704.493,481.488,710.302,467.464,717.312,454,725.468,441.198,734.708,429.155,744.963,417.963,756.155,407.708,768.198,398.468,781,390.312,794.464,383.302,808.488,377.493,822.965,372.929,837.785,369.643,852.835,367.662,868,367,883.165,367.662,898.215,369.643,913.035,372.929,927.512,377.493,941.536,383.302,955,390.312,967.802,398.468,979.845,407.708,991.037,417.963,1001.292,429.155,1010.532,441.198,1018.688,454,1025.698,467.464,1031.507,481.488,1036.071,495.965,1039.357,510.785,1041.338,525.835],"area":121104,"bbox":[694,367,348,348],"iscrowd":0},{"id":34,"image_id":"34","category_id":1,"segmentation":[1060,520,1059.323,535.514,1057.296,550.909,1053.935,566.07,1049.265,580.88,1043.323,595.226,1036.153,609,1027.809,622.097,1018.356,634.416,1007.865,645.865,996.416,656.356,984.097,665.809,971,674.153,957.226,681.323,942.88,687.265,928.07,691.935,912.909,695.296,897.514,697.323,882,698,866.486,697.323,851.091,695.296,835.93,691.935,821.12,687.265,806.774,681.323,793,674.153,779.903,665.809,767.584,656.356,756.135,645.865,745.644,634.416,736.191,622.097,727.847,609,720.677,595.226,714.735,580.88,710.065,566.07,706.704,550.909,704.677,535.514,704,520,704.677,504.486,706.704,489.091,710.065,473.93,714.735,459.12,720.677,444.774,727.847,431,736.191,417.903,745.644,405.584,756.135,394.135,767.584,383.644,779.903,374.191,793,365.847,806.774,358.677,821.12,352.735,835.93,348.065,851.091,344.704,866.486,342.677,882,342,897.514,342.677,912.909,344.704,928.07,348.065,942.88,352.735,957.226,358.677,971,365.847,984.097,374.191,996.416,383.644,1007.865,394.135,1018.356,405.584,1027.809,417.903,1036.153,431,1043.323,444.774,1049.265,459.12,1053.935,473.93,1057.296,489.091,1059.323,504.486],"area":126736,"bbox":[704,342,356,356],"iscrowd":0},{"id":35,"image_id":"35","category_id":1,"segmentation":[1072,501,1071.323,516.514,1069.296,531.909,1065.935,547.07,1061.265,561.88,1055.323,576.226,1048.153,590,1039.809,603.097,1030.356,615.416,1019.865,626.865,1008.416,637.356,996.097,646.809,983,655.153,969.226,662.323,954.88,668.265,940.07,672.935,924.909,676.296,909.514,678.323,894,679,878.486,678.323,863.091,676.296,847.93,672.935,833.12,668.265,818.774,662.323,805,655.153,791.903,646.809,779.584,637.356,768.135,626.865,757.644,615.416,748.191,603.097,739.847,590,732.677,576.226,726.735,561.88,722.065,547.07,718.704,531.909,716.677,516.514,716,501,716.677,485.486,718.704,470.091,722.065,454.93,726.735,440.12,732.677,425.774,739.847,412,748.191,398.903,757.644,386.584,768.135,375.135,779.584,364.644,791.903,355.191,805,346.847,818.774,339.677,833.12,333.735,847.93,329.065,863.091,325.704,878.486,323.677,894,323,909.514,323.677,924.909,325.704,940.07,329.065,954.88,333.735,969.226,339.677,983,346.847,996.097,355.191,1008.416,364.644,1019.865,375.135,1030.356,386.584,1039.809,398.903,1048.153,412,1055.323,425.774,1061.265,440.12,1065.935,454.93,1069.296,470.091,1071.323,485.486],"area":126736,"bbox":[716,323,356,356],"iscrowd":0},{"id":36,"image_id":"36","category_id":1,"segmentation":[1075,480,1074.323,495.514,1072.296,510.909,1068.935,526.07,1064.265,540.88,1058.323,555.226,1051.153,569,1042.809,582.097,1033.356,594.416,1022.865,605.865,1011.416,616.356,999.097,625.809,986,634.153,972.226,641.323,957.88,647.265,943.07,651.935,927.909,655.296,912.514,657.323,897,658,881.486,657.323,866.091,655.296,850.93,651.935,836.12,647.265,821.774,641.323,808,634.153,794.903,625.809,782.584,616.356,771.135,605.865,760.644,594.416,751.191,582.097,742.847,569,735.677,555.226,729.735,540.88,725.065,526.07,721.704,510.909,719.677,495.514,719,480,719.677,464.486,721.704,449.091,725.065,433.93,729.735,419.12,735.677,404.774,742.847,391,751.191,377.903,760.644,365.584,771.135,354.135,782.584,343.644,794.903,334.191,808,325.847,821.774,318.677,836.12,312.735,850.93,308.065,866.091,304.704,881.486,302.677,897,302,912.514,302.677,927.909,304.704,943.07,308.065,957.88,312.735,972.226,318.677,986,325.847,999.097,334.191,1011.416,343.644,1022.865,354.135,1033.356,365.584,1042.809,377.903,1051.153,391,1058.323,404.774,1064.265,419.12,1068.935,433.93,1072.296,449.091,1074.323,464.486],"area":126736,"bbox":[719,302,356,356],"iscrowd":0},{"id":37,"image_id":"37","category_id":1,"segmentation":[1093,460,1092.307,475.862,1090.235,491.604,1086.799,507.105,1082.024,522.248,1075.948,536.917,1068.617,551,1060.086,564.391,1050.42,576.987,1039.693,588.693,1027.987,599.42,1015.391,609.086,1002,617.617,987.917,624.948,973.248,631.024,958.105,635.799,942.604,639.235,926.862,641.307,911,642,895.138,641.307,879.396,639.235,863.895,635.799,848.752,631.024,834.083,624.948,820,617.617,806.609,609.086,794.013,599.42,782.307,588.693,771.58,576.987,761.914,564.391,753.383,551,746.052,536.917,739.976,522.248,735.201,507.105,731.765,491.604,729.693,475.862,729,460,729.693,444.138,731.765,428.396,735.201,412.895,739.976,397.752,746.052,383.083,753.383,369,761.914,355.609,771.58,343.013,782.307,331.307,794.013,320.58,806.609,310.914,820,302.383,834.083,295.052,848.752,288.976,863.895,284.201,879.396,280.765,895.138,278.693,911,278,926.862,278.693,942.604,280.765,958.105,284.201,973.248,288.976,987.917,295.052,1002,302.383,1015.391,310.914,1027.987,320.58,1039.693,331.307,1050.42,343.013,1060.086,355.609,1068.617,369,1075.948,383.083,1082.024,397.752,1086.799,412.895,1090.235,428.396,1092.307,444.138],"area":132496,"bbox":[729,278,364,364],"iscrowd":0},{"id":38,"image_id":"38","category_id":1,"segmentation":[1102,442,1101.304,457.95,1099.22,473.778,1095.764,489.364,1090.964,504.59,1084.854,519.339,1077.483,533.5,1068.905,546.964,1059.186,559.63,1048.401,571.401,1036.63,582.186,1023.964,591.905,1010.5,600.483,996.339,607.854,981.59,613.964,966.364,618.764,950.778,622.22,934.95,624.304,919,625,903.05,624.304,887.222,622.22,871.636,618.764,856.41,613.964,841.661,607.854,827.5,600.483,814.036,591.905,801.37,582.186,789.599,571.401,778.814,559.63,769.095,546.964,760.517,533.5,753.146,519.339,747.036,504.59,742.236,489.364,738.78,473.778,736.696,457.95,736,442,736.696,426.05,738.78,410.222,742.236,394.636,747.036,379.41,753.146,364.661,760.517,350.5,769.095,337.036,778.814,324.37,789.599,312.599,801.37,301.814,814.036,292.095,827.5,283.517,841.661,276.146,856.41,270.036,871.636,265.236,887.222,261.78,903.05,259.696,919,259,934.95,259.696,950.778,261.78,966.364,265.236,981.59,270.036,996.339,276.146,1010.5,283.517,1023.964,292.095,1036.63,301.814,1048.401,312.599,1059.186,324.37,1068.905,337.036,1077.483,350.5,1084.854,364.661,1090.964,379.41,1095.764,394.636,1099.22,410.222,1101.304,426.05],"area":133956,"bbox":[736,259,366,366],"iscrowd":0},{"id":39,"image_id":"39","category_id":1,"segmentation":[1110,420,1109.311,435.775,1107.25,451.43,1103.833,466.846,1099.084,481.906,1093.042,496.494,1085.751,510.5,1077.267,523.817,1067.654,536.345,1056.986,547.986,1045.345,558.654,1032.817,568.267,1019.5,576.751,1005.494,584.042,990.906,590.084,975.846,594.833,960.43,598.25,944.775,600.311,929,601,913.225,600.311,897.57,598.25,882.154,594.833,867.094,590.084,852.506,584.042,838.5,576.751,825.183,568.267,812.655,558.654,801.014,547.986,790.346,536.345,780.733,523.817,772.249,510.5,764.958,496.494,758.916,481.906,754.167,466.846,750.75,451.43,748.689,435.775,748,420,748.689,404.225,750.75,388.57,754.167,373.154,758.916,358.094,764.958,343.506,772.249,329.5,780.733,316.183,790.346,303.655,801.014,292.014,812.655,281.346,825.183,271.733,838.5,263.249,852.506,255.958,867.094,249.916,882.154,245.167,897.57,241.75,913.225,239.689,929,239,944.775,239.689,960.43,241.75,975.846,245.167,990.906,249.916,1005.494,255.958,1019.5,263.249,1032.817,271.733,1045.345,281.346,1056.986,292.014,1067.654,303.655,1077.267,316.183,1085.751,329.5,1093.042,343.506,1099.084,358.094,1103.833,373.154,1107.25,388.57,1109.311,404.225],"area":131044,"bbox":[748,239,362,362],"iscrowd":0},{"id":40,"image_id":"40","category_id":1,"segmentation":[1150,383,1149.243,400.344,1146.977,417.556,1143.219,434.505,1137.999,451.062,1131.355,467.101,1123.339,482.5,1114.011,497.142,1103.443,510.915,1091.714,523.714,1078.915,535.443,1065.142,546.011,1050.5,555.339,1035.101,563.355,1019.062,569.999,1002.505,575.219,985.556,578.977,968.344,581.243,951,582,933.656,581.243,916.444,578.977,899.495,575.219,882.938,569.999,866.899,563.355,851.5,555.339,836.858,546.011,823.085,535.443,810.286,523.714,798.557,510.915,787.989,497.142,778.661,482.5,770.645,467.101,764.001,451.062,758.781,434.505,755.023,417.556,752.757,400.344,752,383,752.757,365.656,755.023,348.444,758.781,331.495,764.001,314.938,770.645,298.899,778.661,283.5,787.989,268.858,798.557,255.085,810.286,242.286,823.085,230.557,836.858,219.989,851.5,210.661,866.899,202.645,882.938,196.001,899.495,190.781,916.444,187.023,933.656,184.757,951,184,968.344,184.757,985.556,187.023,1002.505,190.781,1019.062,196.001,1035.101,202.645,1050.5,210.661,1065.142,219.989,1078.915,230.557,1091.714,242.286,1103.443,255.085,1114.011,268.858,1123.339,283.5,1131.355,298.899,1137.999,314.938,1143.219,331.495,1146.977,348.444,1149.243,365.656],"area":158404,"bbox":[752,184,398,398],"iscrowd":0},{"id":41,"image_id":"41","category_id":1,"segmentation":[1149,400,1148.239,417.431,1145.962,434.73,1142.185,451.764,1136.939,468.404,1130.262,484.524,1122.205,500,1112.83,514.715,1102.209,528.558,1090.421,541.421,1077.558,553.209,1063.715,563.83,1049,573.205,1033.524,581.262,1017.404,587.939,1000.764,593.185,983.73,596.962,966.431,599.239,949,600,931.569,599.239,914.27,596.962,897.236,593.185,880.596,587.939,864.476,581.262,849,573.205,834.285,563.83,820.442,553.209,807.579,541.421,795.791,528.558,785.17,514.715,775.795,500,767.738,484.524,761.061,468.404,755.815,451.764,752.038,434.73,749.761,417.431,749,400,749.761,382.569,752.038,365.27,755.815,348.236,761.061,331.596,767.738,315.476,775.795,300,785.17,285.285,795.791,271.442,807.579,258.579,820.442,246.791,834.285,236.17,849,226.795,864.476,218.738,880.596,212.061,897.236,206.815,914.27,203.038,931.569,200.761,949,200,966.431,200.761,983.73,203.038,1000.764,206.815,1017.404,212.061,1033.524,218.738,1049,226.795,1063.715,236.17,1077.558,246.791,1090.421,258.579,1102.209,271.442,1112.83,285.285,1122.205,300,1130.262,315.476,1136.939,331.596,1142.185,348.236,1145.962,365.27,1148.239,382.569],"area":160000,"bbox":[749,200,400,400],"iscrowd":0},{"id":42,"image_id":"42","category_id":1,"segmentation":[1153,413,1152.212,431.041,1149.855,448.945,1145.947,466.576,1140.516,483.798,1133.606,500.482,1125.267,516.5,1115.564,531.73,1104.571,546.057,1092.371,559.371,1079.057,571.571,1064.73,582.564,1049.5,592.267,1033.482,600.606,1016.798,607.516,999.576,612.947,981.945,616.855,964.041,619.212,946,620,927.959,619.212,910.055,616.855,892.424,612.947,875.202,607.516,858.518,600.606,842.5,592.267,827.27,582.564,812.943,571.571,799.629,559.371,787.429,546.057,776.436,531.73,766.733,516.5,758.394,500.482,751.484,483.798,746.053,466.576,742.145,448.945,739.788,431.041,739,413,739.788,394.959,742.145,377.055,746.053,359.424,751.484,342.202,758.394,325.518,766.733,309.5,776.436,294.27,787.429,279.943,799.629,266.629,812.943,254.429,827.27,243.436,842.5,233.733,858.518,225.394,875.202,218.484,892.424,213.053,910.055,209.145,927.959,206.788,946,206,964.041,206.788,981.945,209.145,999.576,213.053,1016.798,218.484,1033.482,225.394,1049.5,233.733,1064.73,243.436,1079.057,254.429,1092.371,266.629,1104.571,279.943,1115.564,294.27,1125.267,309.5,1133.606,325.518,1140.516,342.202,1145.947,359.424,1149.855,377.055,1152.212,394.959],"area":171396,"bbox":[739,206,414,414],"iscrowd":0},{"id":43,"image_id":"43","category_id":1,"segmentation":[1148,423,1147.197,441.39,1144.794,459.64,1140.81,477.611,1135.275,495.166,1128.231,512.172,1119.731,528.5,1109.841,544.025,1098.635,558.628,1086.2,572.2,1072.628,584.635,1058.025,595.841,1042.5,605.731,1026.172,614.231,1009.166,621.275,991.611,626.81,973.64,630.794,955.39,633.197,937,634,918.61,633.197,900.36,630.794,882.389,626.81,864.834,621.275,847.828,614.231,831.5,605.731,815.975,595.841,801.372,584.635,787.8,572.2,775.365,558.628,764.159,544.025,754.269,528.5,745.769,512.172,738.725,495.166,733.19,477.611,729.206,459.64,726.803,441.39,726,423,726.803,404.61,729.206,386.36,733.19,368.389,738.725,350.834,745.769,333.828,754.269,317.5,764.159,301.975,775.365,287.372,787.8,273.8,801.372,261.365,815.975,250.159,831.5,240.269,847.828,231.769,864.834,224.725,882.389,219.19,900.36,215.206,918.61,212.803,937,212,955.39,212.803,973.64,215.206,991.611,219.19,1009.166,224.725,1026.172,231.769,1042.5,240.269,1058.025,250.159,1072.628,261.365,1086.2,273.8,1098.635,287.372,1109.841,301.975,1119.731,317.5,1128.231,333.828,1135.275,350.834,1140.81,368.389,1144.794,386.36,1147.197,404.61],"area":178084,"bbox":[726,212,422,422],"iscrowd":0},{"id":44,"image_id":"44","category_id":1,"segmentation":[1153,441,1152.197,459.39,1149.794,477.64,1145.81,495.611,1140.275,513.166,1133.231,530.172,1124.731,546.5,1114.841,562.025,1103.635,576.628,1091.2,590.2,1077.628,602.635,1063.025,613.841,1047.5,623.731,1031.172,632.231,1014.166,639.275,996.611,644.81,978.64,648.794,960.39,651.197,942,652,923.61,651.197,905.36,648.794,887.389,644.81,869.834,639.275,852.828,632.231,836.5,623.731,820.975,613.841,806.372,602.635,792.8,590.2,780.365,576.628,769.159,562.025,759.269,546.5,750.769,530.172,743.725,513.166,738.19,495.611,734.206,477.64,731.803,459.39,731,441,731.803,422.61,734.206,404.36,738.19,386.389,743.725,368.834,750.769,351.828,759.269,335.5,769.159,319.975,780.365,305.372,792.8,291.8,806.372,279.365,820.975,268.159,836.5,258.269,852.828,249.769,869.834,242.725,887.389,237.19,905.36,233.206,923.61,230.803,942,230,960.39,230.803,978.64,233.206,996.611,237.19,1014.166,242.725,1031.172,249.769,1047.5,258.269,1063.025,268.159,1077.628,279.365,1091.2,291.8,1103.635,305.372,1114.841,319.975,1124.731,335.5,1133.231,351.828,1140.275,368.834,1145.81,386.389,1149.794,404.36,1152.197,422.61],"area":178084,"bbox":[731,230,422,422],"iscrowd":0},{"id":45,"image_id":"45","category_id":1,"segmentation":[1150,460,1149.197,478.39,1146.794,496.64,1142.81,514.611,1137.275,532.166,1130.231,549.172,1121.731,565.5,1111.841,581.025,1100.635,595.628,1088.2,609.2,1074.628,621.635,1060.025,632.841,1044.5,642.731,1028.172,651.231,1011.166,658.275,993.611,663.81,975.64,667.794,957.39,670.197,939,671,920.61,670.197,902.36,667.794,884.389,663.81,866.834,658.275,849.828,651.231,833.5,642.731,817.975,632.841,803.372,621.635,789.8,609.2,777.365,595.628,766.159,581.025,756.269,565.5,747.769,549.172,740.725,532.166,735.19,514.611,731.206,496.64,728.803,478.39,728,460,728.803,441.61,731.206,423.36,735.19,405.389,740.725,387.834,747.769,370.828,756.269,354.5,766.159,338.975,777.365,324.372,789.8,310.8,803.372,298.365,817.975,287.159,833.5,277.269,849.828,268.769,866.834,261.725,884.389,256.19,902.36,252.206,920.61,249.803,939,249,957.39,249.803,975.64,252.206,993.611,256.19,1011.166,261.725,1028.172,268.769,1044.5,277.269,1060.025,287.159,1074.628,298.365,1088.2,310.8,1100.635,324.372,1111.841,338.975,1121.731,354.5,1130.231,370.828,1137.275,387.834,1142.81,405.389,1146.794,423.36,1149.197,441.61],"area":178084,"bbox":[728,249,422,422],"iscrowd":0},{"id":46,"image_id":"46","category_id":1,"segmentation":[1149,472,1148.186,490.651,1145.749,509.161,1141.708,527.387,1136.094,545.192,1128.95,562.44,1120.329,579,1110.299,594.745,1098.934,609.557,1086.321,623.321,1072.557,635.934,1057.745,647.299,1042,657.329,1025.44,665.95,1008.192,673.094,990.387,678.708,972.161,682.749,953.651,685.186,935,686,916.349,685.186,897.839,682.749,879.613,678.708,861.808,673.094,844.56,665.95,828,657.329,812.255,647.299,797.443,635.934,783.679,623.321,771.066,609.557,759.701,594.745,749.671,579,741.05,562.44,733.906,545.192,728.292,527.387,724.251,509.161,721.814,490.651,721,472,721.814,453.349,724.251,434.839,728.292,416.613,733.906,398.808,741.05,381.56,749.671,365,759.701,349.255,771.066,334.443,783.679,320.679,797.443,308.066,812.255,296.701,828,286.671,844.56,278.05,861.808,270.906,879.613,265.292,897.839,261.251,916.349,258.814,935,258,953.651,258.814,972.161,261.251,990.387,265.292,1008.192,270.906,1025.44,278.05,1042,286.671,1057.745,296.701,1072.557,308.066,1086.321,320.679,1098.934,334.443,1110.299,349.255,1120.329,365,1128.95,381.56,1136.094,398.808,1141.708,416.613,1145.749,434.839,1148.186,453.349],"area":183184,"bbox":[721,258,428,428],"iscrowd":0},{"id":47,"image_id":"47","category_id":1,"segmentation":[1148,491,1147.186,509.651,1144.749,528.161,1140.708,546.387,1135.094,564.192,1127.95,581.44,1119.329,598,1109.299,613.745,1097.934,628.557,1085.321,642.321,1071.557,654.934,1056.745,666.299,1041,676.329,1024.44,684.95,1007.192,692.094,989.387,697.708,971.161,701.749,952.651,704.186,934,705,915.349,704.186,896.839,701.749,878.613,697.708,860.808,692.094,843.56,684.95,827,676.329,811.255,666.299,796.443,654.934,782.679,642.321,770.066,628.557,758.701,613.745,748.671,598,740.05,581.44,732.906,564.192,727.292,546.387,723.251,528.161,720.814,509.651,720,491,720.814,472.349,723.251,453.839,727.292,435.613,732.906,417.808,740.05,400.56,748.671,384,758.701,368.255,770.066,353.443,782.679,339.679,796.443,327.066,811.255,315.701,827,305.671,843.56,297.05,860.808,289.906,878.613,284.292,896.839,280.251,915.349,277.814,934,277,952.651,277.814,971.161,280.251,989.387,284.292,1007.192,289.906,1024.44,297.05,1041,305.671,1056.745,315.701,1071.557,327.066,1085.321,339.679,1097.934,353.443,1109.299,368.255,1119.329,384,1127.95,400.56,1135.094,417.808,1140.708,435.613,1144.749,453.839,1147.186,472.349],"area":183184,"bbox":[720,277,428,428],"iscrowd":0},{"id":48,"image_id":"48","category_id":1,"segmentation":[1149,500,1148.193,518.477,1145.779,536.813,1141.776,554.87,1136.215,572.508,1129.137,589.595,1120.597,606,1110.66,621.598,1099.401,636.271,1086.907,649.907,1073.271,662.401,1058.598,673.66,1043,683.597,1026.595,692.137,1009.508,699.215,991.87,704.776,973.813,708.779,955.477,711.193,937,712,918.523,711.193,900.187,708.779,882.13,704.776,864.492,699.215,847.405,692.137,831,683.597,815.402,673.66,800.729,662.401,787.093,649.907,774.599,636.271,763.34,621.598,753.403,606,744.863,589.595,737.785,572.508,732.224,554.87,728.221,536.813,725.807,518.477,725,500,725.807,481.523,728.221,463.187,732.224,445.13,737.785,427.492,744.863,410.405,753.403,394,763.34,378.402,774.599,363.729,787.093,350.093,800.729,337.599,815.402,326.34,831,316.403,847.405,307.863,864.492,300.785,882.13,295.224,900.187,291.221,918.523,288.807,937,288,955.477,288.807,973.813,291.221,991.87,295.224,1009.508,300.785,1026.595,307.863,1043,316.403,1058.598,326.34,1073.271,337.599,1086.907,350.093,1099.401,363.729,1110.66,378.402,1120.597,394,1129.137,410.405,1136.215,427.492,1141.776,445.13,1145.779,463.187,1148.193,481.523],"area":179776,"bbox":[725,288,424,424],"iscrowd":0},{"id":49,"image_id":"49","category_id":1,"segmentation":[1159,508,1158.159,527.261,1155.643,546.376,1151.47,565.199,1145.672,583.586,1138.294,601.399,1129.392,618.5,1119.033,634.76,1107.296,650.056,1094.271,664.271,1080.056,677.296,1064.76,689.033,1048.5,699.392,1031.399,708.294,1013.586,715.672,995.199,721.47,976.376,725.643,957.261,728.159,938,729,918.739,728.159,899.624,725.643,880.801,721.47,862.414,715.672,844.601,708.294,827.5,699.392,811.24,689.033,795.944,677.296,781.729,664.271,768.704,650.056,756.967,634.76,746.608,618.5,737.706,601.399,730.328,583.586,724.53,565.199,720.357,546.376,717.841,527.261,717,508,717.841,488.739,720.357,469.624,724.53,450.801,730.328,432.414,737.706,414.601,746.608,397.5,756.967,381.24,768.704,365.944,781.729,351.729,795.944,338.704,811.24,326.967,827.5,316.608,844.601,307.706,862.414,300.328,880.801,294.53,899.624,290.357,918.739,287.841,938,287,957.261,287.841,976.376,290.357,995.199,294.53,1013.586,300.328,1031.399,307.706,1048.5,316.608,1064.76,326.967,1080.056,338.704,1094.271,351.729,1107.296,365.944,1119.033,381.24,1129.392,397.5,1138.294,414.601,1145.672,432.414,1151.47,450.801,1155.643,469.624,1158.159,488.739],"area":195364,"bbox":[717,287,442,442],"iscrowd":0},{"id":50,"image_id":"50","category_id":1,"segmentation":[1155,515,1154.182,533.738,1151.734,552.334,1147.674,570.646,1142.034,588.534,1134.856,605.863,1126.195,622.5,1116.118,638.319,1104.7,653.199,1092.028,667.028,1078.199,679.7,1063.319,691.118,1047.5,701.195,1030.863,709.856,1013.534,717.034,995.646,722.674,977.334,726.734,958.738,729.182,940,730,921.262,729.182,902.666,726.734,884.354,722.674,866.466,717.034,849.137,709.856,832.5,701.195,816.681,691.118,801.801,679.7,787.972,667.028,775.3,653.199,763.882,638.319,753.805,622.5,745.144,605.863,737.966,588.534,732.326,570.646,728.266,552.334,725.818,533.738,725,515,725.818,496.262,728.266,477.666,732.326,459.354,737.966,441.466,745.144,424.137,753.805,407.5,763.882,391.681,775.3,376.801,787.972,362.972,801.801,350.3,816.681,338.882,832.5,328.805,849.137,320.144,866.466,312.966,884.354,307.326,902.666,303.266,921.262,300.818,940,300,958.738,300.818,977.334,303.266,995.646,307.326,1013.534,312.966,1030.863,320.144,1047.5,328.805,1063.319,338.882,1078.199,350.3,1092.028,362.972,1104.7,376.801,1116.118,391.681,1126.195,407.5,1134.856,424.137,1142.034,441.466,1147.674,459.354,1151.734,477.666,1154.182,496.262],"area":184900,"bbox":[725,300,430,430],"iscrowd":0}],"licenses":[{"id":1,"name":"Unknown","url":""}],"categories":[{"id":1,"name":"Balls","supercategory":"Type"},{"id":2,"name":"Bar","supercategory":"Type"}]}